{"cameraMode":{"drawMode":0,"name":"Shaded","section":"Shading Mode"},"sceneLighting":true,"audioPlay":false,"sceneViewState":{"m_AlwaysRefresh":true,"showFog":true,"showSkybox":true,"showFlares":true,"showImageEffects":true,"showParticleSystems":true,"showVisualEffectGraphs":true,"m_FxEnabled":true},"in2DMode":false,"pivot":{"x":-1.3373632431030274,"y":9.675268173217774,"z":-22.99102210998535},"rotation":{"x":-0.32776138186454775,"y":-0.11066188663244248,"z":0.038621511310338977,"w":-0.9375689029693604},"size":18.347145080566408,"orthographic":false}