{"cameraMode":{"drawMode":0,"name":"Shaded","section":"Shading Mode"},"sceneLighting":true,"audioPlay":false,"sceneViewState":{"showFog":true,"showMaterialUpdate":true,"showSkybox":true,"showFlares":true,"showImageEffects":true,"showParticleSystems":true},"in2DMode":false,"pivot":{"x":-4.932380676269531,"y":-12.755264282226563,"z":-3.583436965942383},"rotation":{"x":-0.35807809233665469,"y":-0.5287523865699768,"z":0.2614234983921051,"w":-0.7238824963569641},"size":136.3488311767578,"orthographic":false}